Peak_ID,Library\ID
Peak_001,Carbon dioxide Results
Peak_002,Methanethiol Results
Peak_003,Acetaldehyde Results
Peak_004,Dimethyl sulfide Results
Peak_005,Octane Results
Peak_006,Propanol Results
Peak_007,Acetone Results
Peak_008,"Acetic acid, methyl ester Results"
Peak_009,"Cyclotrisiloxane, hexamethyl- Results"
Peak_010,Butanal Results
Peak_011,Ethyl acetate Results
Peak_012,2-Butanone Results
Peak_013,"Butanal, 2-methyl- Results"
Peak_014,"Butanal, 3-methyl- Results"
Peak_015,Ethanol Results
Peak_016,2-(bromomethyl)tetrahydro-Pyran Results
Peak_017,"Furan, 2-butyltetrahydro Results"
Peak_018,"2,3-Butanedione Results"
Peak_019,"Cyclotetrasiloxane, octamethyl- Results"
Peak_020,dimethyl ester carbonic acid Results
Peak_021,Mesityl oxide Results
Peak_022,Methyl Isobutyl Ketone Results
Peak_023,"Butanoic acid, 2-methyl-, methyl ester Results"
Peak_024,Isobutyl acetate Results
Peak_025,Trichloromethane Results
Peak_026,Methyl isovalerate Results
Peak_027,2-Butanol Results
Peak_028,Toluene Results
Peak_029,2-Pentanol Results
Peak_030,"Butanoic acid, 2-methyl-, ethyl ester Results"
Peak_031,"Butanoic acid, 3-methyl-, ethyl ester Results"
Peak_032,"Disulfide, dimethyl Results"
Peak_033,N-Hexanal Results
Peak_034,"Ethenamine, N-methylene- Results"
Peak_035,1H-Pyrrole-2-carboxylic acid Results
Peak_036,"2-Butenal, 2-methyl- Results"
Peak_037,"1-Propanol, 2-methyl- Results"
Peak_038,"2H-Pyran, 2-ethenyltetrahydro-2,6,6-trimethyl- Results"
Peak_039,"3-Butenoic acid, 3-methyl-, methyl ester Results"
Peak_040,"1-Butanol, 3-methyl-, acetate Results"
Peak_041,"Butanenitrile, 3-methyl- Results"
Peak_042,"2-Pentene, 4,4-dimethyl-, (E)- Results"
Peak_043,"1,3-dimethyl-Benzene Results"
Peak_044,1-Butanol Results
Peak_045,"Cyclopentasiloxane, decamethyl- Results"
Peak_046,"2-Butenoic acid, 3-methyl-, methyl ester Results"
Peak_047,"7-Oxabicyclo[2.2.1]heptane, 1-methyl-4-(1-methylethyl)- Results"
Peak_048,p-Xylene Results
Peak_049,D-Limonene Results
Peak_050,"1-Butanol, 3-methyl- Results"
Peak_051,"(2R,5R)-2-Methyl-5-(prop-1-en-2-yl)-2-vinyltetrahydrofuran Results"
Peak_052,"Bicyclo[3.1.0]hexan-2-ol, 2-methyl-5-(1-methylethyl)-, (1.alpha.,2.alpha.,5.alpha.)- Results"
Peak_053,"(2R,5S)-2-Methyl-5-(prop-1-en-2-yl)-2-vinyltetrahydrofuran Results"
Peak_054,Thiazole Results
Peak_055,1-PENTANOL Results
Peak_056,"Benzene, 1,2,4,5-tetramethyl- Results"
Peak_057,Dimethyl sulfone Results
Peak_058,"Pyrazine, 2,6-dimethyl- Results"
Peak_059,2-Chloro-4-(4-methoxyphenyl)-6-(4-nitrophenyl)pyrimidine Results
Peak_060,1-Hexanol Results
Peak_061,Dimethyl trisulfide Results
Peak_062,Dimethyl trisulfide(1) Results
Peak_063,"3-Hexen-1-ol, (E)- Results"
Peak_064,"Pyrazine, 2-butyl-3,5-dimethyl- Results"
Peak_065,"2-Hexen-1-ol, (E)- Results"
Peak_066,Ethyl 2-(5-methyl-5-vinyltetrahydrofuran-2-yl)propan-2-yl carbonate Results
Peak_067,"Pyrazine, 2,6-diethyl- Results"
Peak_068,Methional Results
Peak_069,1-Octen-3-ol Results
Peak_070,Furfural Results
Peak_071,"3,6-dihydro-4-methyl-2-(2-methyl-1-propenyl)-2H-Pyran Results"
Peak_072,Ethyl 2-(5-methyl-5-vinyltetrahydrofuran-2-yl)propan-2-yl carbonate (1) Results
Peak_073,"Benzene, 1,2,4,5-tetramethyl-  (1) Results"
Peak_074,"1-Hexanol, 2-ethyl- Results"
Peak_075,1-(2-furanyl)-Ethanone Results
Peak_076,2-Mercapto-4-phenylthiazole Results
Peak_077,Benzaldehyde Results
Peak_078,2-(1-methyl-2-buthenyl)-4-methoxy-Phenol Results
Peak_079,"11H-Dibenzo[b,e][1,4]diazepin-11-one, 5-(3-aminopropyl)-5,10-dihydro- Results"
Peak_080,Linalool Results
Peak_081,1-Octanol Results
Peak_082,"2-Furancarboxaldehyde, 5-methyl- Results"
Peak_083,Dimethyl Sulfoxide Results
Peak_084,"Phosphonoacetic Acid, 3TMS derivative Results"
Peak_085,Benzonitrile Results
Peak_086,Terpinen-4-ol Results
Peak_087,"Cyclohexanone, 2-methyl-5-(1-methylethenyl)-, trans- Results"
Peak_088,"1-Cyclohexene-1-carboxaldehyde, 2,6,6-trimethyl- Results"
Peak_089,Butyrolactone Results
Peak_090,"1,3-Cyclohexadiene-1-carboxaldehyde, 2,6,6-trimethyl- Results"
Peak_091,Acetophenone Results
Peak_092,"Silanediol, dimethyl- Results"
Peak_093,"3,4-Dihydroxyphenylglycol, 4TMS derivative Results"
Peak_094,"Benzaldehyde, 2-hydroxy- Results"
Peak_095,"Bicyclo[3.2.2]non-8-en-6-ol, (1R,5-cis,6-cis)- Results"
Peak_096,Terpineol Results
Peak_097,Isoborneol Results
Peak_098,"Naphthalene, 1,2-dihydro-1,1,6-trimethyl- Results"
Peak_099,"Oxime-, methoxy-phenyl-_ Results"
Peak_100,"Cyclotrisiloxane, hexamethyl-  (1) Results"
Peak_101,Thymol Results
Peak_102,Benzyl alcohol Results
Peak_103,"Cyclotetrasiloxane, octamethyl-  (1) Results"
Peak_104,Phenylethyl Alcohol Results
Peak_105,"Benzenecarbothioic acid, S-methyl ester Results"
Peak_106,"Benzonitrile, 2-methyl- Results"
Peak_107,"2,6-Bis(1,1-dimethylethyl)-4-(1-oxopropyl)phenol Results"
Peak_108,"Cyclopentasiloxane, decamethyl-  (1) Results"
Peak_109,Phenol Results
Peak_110,p-Cresol Results
Peak_111,"Bicyclo[3.1.0]hexan-2-ol, 2-methyl-5-(1-methylethyl)-, (1.alpha.,2.alpha.,5.alpha.)-"
Peak_112,Peak_112
Peak_113,Peak_113
Peak_114,"(2R,5S)-2-Methyl-5-(prop-1-en-2-yl)-2-vinyltetrahydrofuran"
Peak_115,Peak_115
Peak_116,Thiazole
Peak_117,Peak_117
Peak_118,1-PENTANOL
Peak_119,Peak_119
Peak_120,Peak_120
Peak_121,"Pyrazine, methyl-"
Peak_122,Peak_122
Peak_123,"Benzene, 1,2,4,5-tetramethyl-"
Peak_124,"Benzene, 1-methyl-3-(1-methylethyl)-"
Peak_125,Peak_125
Peak_126,Peak_126
Peak_127,Peak_127
Peak_128,"Propanoic acid, 2,2-dichloro-3-methoxy-, methyl ester"
Peak_129,Peak_129
Peak_130,Peak_130
Peak_131,Peak_131
Peak_132,Peak_132
Peak_133,Dimethyl sulfone
Peak_134,"Pyrazine, 2,6-dimethyl-"
Peak_135,Mesitylene
Peak_136,2-Chloro-4-(4-methoxyphenyl)-6-(4-nitrophenyl)pyrimidine
Peak_137,Peak_137
Peak_138,Peak_138
Peak_139,1-Hexanol
Peak_140,Peak_140
Peak_141,Peak_141
Peak_142,Peak_142
Peak_143,Peak_143
Peak_144,Peak_144
Peak_145,Peak_145
Peak_146,Mesitylene
Peak_147,Dimethyl trisulfide
Peak_148,Dimethyl trisulfide
Peak_149,"3-Hexen-1-ol, (E)-"
Peak_150,Peak_150
Peak_151,Peak_151
Peak_152,Peak_152
Peak_153,Peak_153
Peak_154,Peak_154
Peak_155,Peak_155
Peak_156,"Pyrazine, 2-butyl-3,5-dimethyl-"
Peak_157,"2-Hexen-1-ol, (E)-"
Peak_158,2-Methyl-3-isopropylpyrazine
Peak_159,"Benzene, 1,5-dimethyl-2,4-bis(1-methylethyl)-"
Peak_160,"Benzene, 4-ethenyl-1,2-dimethyl-"
Peak_161,Peak_161
Peak_162,Ethyl 2-(5-methyl-5-vinyltetrahydrofuran-2-yl)propan-2-yl carbonate
Peak_163,"Pyrazine, 2,6-diethyl-"
Peak_164,Methional
Peak_165,1-Octen-3-ol
Peak_166,Peak_166
Peak_167,"Cyclopentane, 1,2,3-trimethyl-"
Peak_168,Furfural
Peak_169,Peak_169
Peak_170,"3,6-dihydro-4-methyl-2-(2-methyl-1-propenyl)-2H-Pyran"
Peak_171,Ethyl 2-(5-methyl-5-vinyltetrahydrofuran-2-yl)propan-2-yl carbonate
Peak_172,"Pyrazine, 2,5-dimethyl-3-propyl-"
Peak_173,Peak_173
Peak_174,Peak_174
Peak_175,Peak_175
Peak_176,"Benzene, 1,2,4,5-tetramethyl-"
Peak_177,Peak_177
Peak_178,Peak_178
Peak_179,Peak_179
Peak_180,Peak_180
Peak_181,"1-Hexanol, 2-ethyl-"
Peak_182,Peak_182
Peak_183,"2,4,6-Trimethyl-1,3-phenylenediamine"
Peak_184,Peak_184
Peak_185,1-(2-furanyl)-Ethanone
Peak_186,Peak_186
Peak_187,Peak_187
Peak_188,2-Mercapto-4-phenylthiazole
Peak_189,Dill ether
Peak_190,Benzaldehyde
Peak_191,"1,3-Cyclohexadiene, 1-methyl-4-(1-methylethyl)-"
Peak_192,2-(1-methyl-2-buthenyl)-4-methoxy-Phenol
Peak_193,"11H-Dibenzo[b,e][1,4]diazepin-11-one, 5-(3-aminopropyl)-5,10-dihydro-"
Peak_194,"Phenol, 2-(1-methyl-2-buthenyl)-4-methoxy-"
Peak_195,Linalool
Peak_196,"1,5,5-Trimethyl-6-methylene-cyclohexene"
Peak_197,1-Octanol
Peak_198,"2-Furancarboxaldehyde, 5-methyl-"
Peak_199,"2-Furancarboxaldehyde, 5-methyl-"
Peak_200,Dimethyl Sulfoxide
Peak_201,"Phosphonoacetic Acid, 3TMS derivative"
Peak_202,"Butethal, 2TMS derivative"
Peak_203,Peak_203
Peak_204,Benzonitrile
Peak_205,Terpinen-4-ol
Peak_206,Peak_206
Peak_207,"Cyclohexanone, 2-methyl-5-(1-methylethenyl)-, trans-"
Peak_208,Peak_208
Peak_209,"3-Cyclohexene-1-acetaldehyde, .alpha.,4-dimethyl-"
Peak_210,Peak_210
Peak_211,"1H-Pyrrole-2-carboxaldehyde, 5-methyl-"
Peak_212,Butyrolactone
Peak_213,"1-Cyclohexene-1-carboxaldehyde, 2,6,6-trimethyl-"
Peak_214,Butyrolactone
Peak_215,Peak_215
Peak_216,Peak_216
Peak_217,Peak_217
Peak_218,Peak_218
Peak_219,Peak_219
Peak_220,"1,4-Benzenediol, 2,5-dimethyl-"
Peak_221,Benzeneacetaldehyde
Peak_222,Peak_222
Peak_223,"1,3-Cyclohexadiene-1-carboxaldehyde, 2,6,6-trimethyl-"
Peak_224,Acetophenone
Peak_225,"Silanediol, dimethyl-"
Peak_226,Peak_226
Peak_227,"Cyclopropane, nonyl-"
Peak_228,"Cyclopropane, 1-heptyl-2-methyl-"
Peak_229,Peak_229
Peak_230,Peak_230
Peak_231,"3,4-Dihydroxyphenylglycol, 4TMS derivative"
Peak_232,"Benzaldehyde, 2-hydroxy-"
Peak_233,Peak_233
Peak_234,"Bicyclo[3.2.2]non-8-en-6-ol, (1R,5-cis,6-cis)-"
Peak_235,Peak_235
Peak_236,Butanoic acid
Peak_237,Terpineol
Peak_238,Isoborneol
Peak_239,Peak_239
Peak_240,Peak_240
Peak_241,Peak_241
Peak_242,Peak_242
Peak_243,Peak_243
Peak_244,Peak_244
Peak_245,Peak_245
Peak_246,Peak_246
Peak_247,Peak_247
Peak_248,Peak_248
Peak_249,Peak_249
Peak_250,Peak_250
Peak_251,Peak_251
Peak_252,Peak_252
Peak_253,Peak_253
Peak_254,Peak_254
Peak_255,Peak_255
Peak_256,Peak_256
Peak_257,"Naphthalene, 1,2-dihydro-1,1,6-trimethyl-"
Peak_258,Peak_258
Peak_259,Peak_259
Peak_260,Peak_260
Peak_261,"Oxime-, methoxy-phenyl-_"
Peak_262,Methyl salicylate
Peak_263,Peak_263
Peak_264,Peak_264
Peak_265,Peak_265
Peak_266,"Cyclopentane, 1,3-bis(methylene)-"
Peak_267,(-)-Myrtenol
Peak_268,Peak_268
Peak_269,Peak_269
Peak_270,Peak_270
Peak_271,"Cyclotrisiloxane, hexamethyl-"
Peak_272,Peak_272
Peak_273,Peak_273
Peak_274,Peak_274
Peak_275,Peak_275
Peak_276,Peak_276
Peak_277,"Cinnamaldehyde, (E)-"
Peak_278,Thymol
Peak_279,Peak_279
Peak_280,Peak_280
Peak_281,"Furan, 3-phenyl-"
Peak_282,Benzyl alcohol
Peak_283,"Cyclotetrasiloxane, octamethyl-"
Peak_284,Peak_284
Peak_285,"Cyclotetrasiloxane, octamethyl-"
Peak_286,"1-naphthalenamine, 5-methoxy-"
Peak_287,Peak_287
Peak_288,Phenylethyl Alcohol
Peak_289,"Benzenecarbothioic acid, S-methyl ester"
Peak_290,"Benzonitrile, 2-methyl-"
Peak_291,"2,6-Bis(1,1-dimethylethyl)-4-(1-oxopropyl)phenol"
Peak_292,Peak_292
Peak_293,Peak_293
Peak_294,Peak_294
Peak_295,Peak_295
Peak_296,Peak_296
Peak_297,"Cyclopentasiloxane, decamethyl-"
Peak_298,Peak_298
Peak_299,Peak_299
Peak_300,Peak_300
Peak_301,Peak_301
Peak_302,Phenol
Peak_303,Peak_303
Peak_304,Peak_304
Peak_305,p-Cresol
Peak_306,Peak_306
Peak_307,Peak_307
Peak_308,Peak_308
Peak_309,Peak_309
Peak_310,3-Allyl-6-methoxyphenol
Peak_311,Peak_311
