Peak_ID,Library/ID
Peak_01,Timolol
Peak_02,"Carbonic acid, dimethyl ester"
Peak_03,1-Butanol
Peak_04,"1-Butanol, 3-methyl-"
Peak_05,2-Nonanone
Peak_06,"Benzene, 1,3-bis(1,1-dimethylethyl)-"
Peak_07,"Pyrazine, 3-ethyl-2,5-dimethyl-"
Peak_08,"Bicyclo[2.2.1]heptan-2-ol, 1,7,7-trimethyl-, (1S-endo)-"
Peak_09,"1-Propanol, 3-(methylthio)-"
Peak_10,(-)-Myrtenol
Peak_11,Benzyl alcohol
Peak_12,Phenylethyl Alcohol
Peak_13,"3-Cyclohexene-1-ethanol, .beta.,4-dimethyl-  a"
Peak_14,"3-Cyclohexene-1-ethanol, .beta.,4-dimethyl-   b"
Peak_15,"p-Mentha-1(7),8(10)-dien-9-ol"
Peak_16,Eugenol
